Del Valle,TX,78617
Leander,TX,78641
Volente,TX,78641
Jonestown,TX,78645
Lago Vista,TX,78645
Leander,TX,78645
Point Venture,TX,78645
Mcneil,TX,78651
Manchaca,TX,78652
Manor,TX,78653
Pflugerville,TX,78660
Briarcliff,TX,78669
Spicewood,TX,78669
Pflugerville,TX,78691
Austin,TX,78701
Austin,TX,78702
Austin,TX,78703
Austin,TX,78704
Austin,TX,78705
Austin,TX,78708
Austin,TX,78709
Austin,TX,78710
Austin,TX,78711
Austin,TX,78712
Austin,TX,78713
Austin,TX,78714
Austin,TX,78715
Austin,TX,78716
Austin,TX,78718
Austin,TX,78719
Austin,TX,78720
Austin,TX,78721
Austin,TX,78722
Austin,TX,78723
Austin,TX,78724
Austin,TX,78725
Austin,TX,78726
Austin,TX,78727
Austin,TX,78728
Austin,TX,78730
Austin,TX,78731
Austin,TX,78732
Austin,TX,78733
Bee Cave,TX,78733
Bee Caves,TX,78733
Austin,TX,78734
Bee Cave,TX,78734
Lakeway,TX,78734
Bee Caves,TX,78734
Austin,TX,78735
Sunset Valley,TX,78735
Austin,TX,78736
Bee Cave,TX,78736
Bee Caves,TX,78736
Austin,TX,78738
Bee Cave,TX,78738
Lakeway,TX,78738
Bee Caves,TX,78738
Austin,TX,78739
Austin,TX,78741
Austin,TX,78742
Austin,TX,78744
Austin,TX,78745
Sunset Valley,TX,78745
Austin,TX,78746
Rollingwood,TX,78746
West Lake Hills,TX,78746
Austin,TX,78747
Austin,TX,78748
Austin,TX,78749
Austin,TX,78750
Austin,TX,78751
Austin,TX,78752
Austin,TX,78753
Austin,TX,78754
Austin,TX,78755
Austin,TX,78756
Austin,TX,78757
Austin,TX,78758
Austin,TX,78759
Austin,TX,78760
Austin,TX,78761
Austin,TX,78762
Austin,TX,78763
Austin,TX,78764
Austin,TX,78765
Austin,TX,78766
Austin,TX,78767
Austin,TX,78768
Austin,TX,78769
